Designator,Mid X,Mid Y,Layer,Rotation,Ref-X(mm),Ref-Y(mm)
BT1,106.850002mm,106.594367mm,Bottom,180.0,106.850002mm,106.594367mm
C1,113.390002mm,18.719367mm,Bottom,0.0,113.390002mm,18.719367mm
C2,113.390002mm,20.719367mm,Bottom,0.0,113.390002mm,20.719367mm
C3,113.390002mm,22.719367mm,Bottom,0.0,113.390002mm,22.719367mm
C4,113.390002mm,24.719367mm,Bottom,0.0,113.390002mm,24.719367mm
C5,113.390002mm,26.719367mm,Bottom,0.0,113.390002mm,26.719367mm
C6,117.390002mm,18.719367mm,Bottom,180.0,117.390002mm,18.719367mm
C7,117.390002mm,20.719367mm,Bottom,180.0,117.390002mm,20.719367mm
C8,117.390002mm,22.719367mm,Bottom,180.0,117.390002mm,22.719367mm
C9,117.390002mm,24.719367mm,Bottom,180.0,117.390002mm,24.719367mm
C10,117.390002mm,26.719367mm,Bottom,180.0,117.390002mm,26.719367mm
C14,122.850002mm,25.194367mm,Bottom,0.0,122.850002mm,25.194367mm
C15,122.850002mm,27.194367mm,Bottom,0.0,122.850002mm,27.194367mm
C16,122.850002mm,29.194367mm,Bottom,0.0,122.850002mm,29.194367mm
C17,122.850002mm,31.194367mm,Bottom,0.0,122.850002mm,31.194367mm
C18,122.850002mm,33.194367mm,Bottom,0.0,122.850002mm,33.194367mm
C19,126.850002mm,25.194367mm,Bottom,180.0,126.850002mm,25.194367mm
C20,126.850002mm,27.194367mm,Bottom,180.0,126.850002mm,27.194367mm
C21,126.850002mm,29.194367mm,Bottom,180.0,126.850002mm,29.194367mm
C22,126.850002mm,31.194367mm,Bottom,180.0,126.850002mm,31.194367mm
C23,126.850002mm,33.194367mm,Bottom,180.0,126.850002mm,33.194367mm
C27,67.250002mm,76.394367mm,Bottom,0.0,67.250002mm,76.394367mm
C28,49.750002mm,68.394367mm,Bottom,90.0,49.750002mm,68.394367mm
C29,55.267979mm,70.094367mm,Bottom,90.0,55.267979mm,70.094367mm
C30,49.750002mm,71.784368mm,Bottom,-90.0,49.750002mm,71.784368mm
C31,58.850002mm,74.194367mm,Bottom,180.0,58.850002mm,74.194367mm
C32,58.850002mm,75.994367mm,Bottom,180.0,58.850002mm,75.994367mm
C33,98.350002mm,111.594367mm,Bottom,0.0,98.350002mm,111.594367mm
D1,116.350002mm,102.594367mm,Bottom,90.0,116.350002mm,102.594367mm
D2,61.850002mm,33.594367mm,Bottom,180.0,61.850002mm,33.594367mm
D4,54.350002mm,33.594367mm,Bottom,180.0,54.350002mm,33.594367mm
D8,52.767979mm,70.094367mm,Bottom,180.0,52.767979mm,70.094367mm
F5,76.950002mm,44.644367mm,Bottom,0.0,76.950002mm,44.644367mm
F6,69.950002mm,44.644367mm,Bottom,0.0,69.950002mm,44.644367mm
F7,83.950002mm,44.744367mm,Bottom,0.0,83.950002mm,44.744367mm
F8,90.900002mm,44.694367mm,Bottom,0.0,90.900002mm,44.694367mm
F9,97.900002mm,44.694367mm,Bottom,0.0,97.900002mm,44.694367mm
F10,99.900002mm,97.744367mm,Bottom,0.0,99.900002mm,97.744367mm
L1,47.350002mm,71.094367mm,Bottom,0.0,47.350002mm,71.094367mm
L2,47.350002mm,69.094367mm,Bottom,0.0,47.350002mm,69.094367mm
R2,111.350002mm,30.594367mm,Bottom,180.0,111.350002mm,30.594367mm
R3,114.350002mm,30.594367mm,Bottom,180.0,114.350002mm,30.594367mm
R5,70.550002mm,71.494367mm,Bottom,0.0,70.550002mm,71.494367mm
R6,61.550002mm,92.194367mm,Bottom,0.0,61.550002mm,92.194367mm
R7,127.971684mm,63.594367mm,Bottom,180.0,127.971684mm,63.594367mm
R8,127.971684mm,66.094367mm,Bottom,180.0,127.971684mm,66.094367mm
R12,55.650002mm,44.894367mm,Bottom,180.0,55.650002mm,44.894367mm
R13,59.050002mm,44.894367mm,Bottom,180.0,59.050002mm,44.894367mm
R15,42.500002mm,17.094367mm,Bottom,180.0,42.500002mm,17.094367mm
R16,42.500002mm,19.644367mm,Bottom,180.0,42.500002mm,19.644367mm
R17,69.950002mm,43.106867mm,Bottom,180.0,69.950002mm,43.106867mm
R18,76.950002mm,43.106867mm,Bottom,180.0,76.950002mm,43.106867mm
R19,83.950002mm,43.106867mm,Bottom,180.0,83.950002mm,43.106867mm
R20,69.950002mm,38.494367mm,Bottom,-90.0,69.950002mm,38.494367mm
R21,76.950002mm,38.494367mm,Bottom,-90.0,76.950002mm,38.494367mm
R22,83.950002mm,38.494367mm,Bottom,-90.0,83.950002mm,38.494367mm
R23,90.950002mm,43.106867mm,Bottom,180.0,90.950002mm,43.106867mm
R24,97.950002mm,43.106867mm,Bottom,180.0,97.950002mm,43.106867mm
R25,104.950002mm,43.106867mm,Bottom,180.0,104.950002mm,43.106867mm
R26,90.950002mm,38.494367mm,Bottom,-90.0,90.950002mm,38.494367mm
R27,97.950002mm,38.494367mm,Bottom,-90.0,97.950002mm,38.494367mm
R28,104.950002mm,38.494367mm,Bottom,-90.0,104.950002mm,38.494367mm
R29,90.550002mm,18.844367mm,Bottom,180.0,90.550002mm,18.844367mm
R30,106.200002mm,50.794367mm,Bottom,180.0,106.200002mm,50.794367mm
R31,90.550002mm,17.144367mm,Bottom,180.0,90.550002mm,17.144367mm
R32,103.950002mm,48.444367mm,Bottom,0.0,103.950002mm,48.444367mm
R33,104.350002mm,46.594367mm,Bottom,0.0,104.350002mm,46.594367mm
R34,90.550002mm,20.494367mm,Bottom,180.0,90.550002mm,20.494367mm
U4,60.550002mm,70.094367mm,Bottom,270.0,60.550002mm,70.094367mm
U6,48.075002mm,19.029367mm,Bottom,270.0,48.075002mm,19.029367mm
U8,56.755002mm,39.919367mm,Bottom,180.0,56.755002mm,39.919367mm
U9,64.150002mm,17.744367mm,Bottom,270.0,64.150002mm,17.744367mm
U10,72.900002mm,17.744367mm,Bottom,270.0,72.900002mm,17.744367mm
U11,81.450002mm,17.744367mm,Bottom,270.0,81.450002mm,17.744367mm
C11,115.050002mm,16.194367mm,Top,0.0,115.050002mm,16.194367mm
C12,118.150002mm,16.194367mm,Top,180.0,118.150002mm,16.194367mm
C13,117.390002mm,31.319367mm,Top,0.0,117.390002mm,31.319367mm
C24,123.350002mm,22.194367mm,Top,0.0,123.350002mm,22.194367mm
C25,126.850002mm,22.194367mm,Top,180.0,126.850002mm,22.194367mm
C26,126.850002mm,38.194367mm,Top,0.0,126.850002mm,38.194367mm
D3,55.850002mm,33.594367mm,Top,180.0,55.850002mm,33.594367mm
D5,63.350002mm,33.594367mm,Top,180.0,63.350002mm,33.594367mm
F1,115.350002mm,37.394367mm,Top,0.0,115.350002mm,37.394367mm
F2,109.750002mm,35.594367mm,Top,90.0,109.750002mm,35.594367mm
F3,115.350002mm,35.194367mm,Top,0.0,115.350002mm,35.194367mm
F4,115.350002mm,32.994367mm,Top,0.0,115.350002mm,32.994367mm
J6,94.450002mm,112.744367mm,Top,0.0,94.450002mm,112.744367mm
J7,142.500000mm,88.500000mm,Top,180.0,142.500000mm,88.500000mm
J8,127.650002mm,72.969367mm,Top,180.0,127.650002mm,72.969367mm
J9,128.350002mm,64.594367mm,Top,90.0,128.350002mm,64.594367mm
M1,131.125003mm,39.219366mm,Top,90.0,131.125003mm,39.219366mm
M2,50.225002mm,91.569366mm,Top,0.0,50.225002mm,91.569366mm
M3,54.875002mm,56.869367mm,Top,0.0,54.875002mm,56.869367mm
M4,54.875002mm,45.819367mm,Top,0.0,54.875002mm,45.819367mm
M5,92.750002mm,114.019367mm,Top,180.0,92.750002mm,114.019367mm
M6,84.150002mm,94.094377mm,Top,-90.0,84.150002mm,94.094377mm
M7,77.675004mm,45.219367mm,Top,0.0,77.675004mm,45.219367mm
P3,129.850002mm,77.094367mm,Top,90.0,129.850002mm,77.094367mm
P4,124.850002mm,77.094367mm,Top,90.0,124.850002mm,77.094367mm
P5,86.350002mm,56.194367mm,Top,90.0,86.350002mm,56.194367mm
P6,86.350002mm,53.654367mm,Top,90.0,86.350002mm,53.654367mm
P7,108.350002mm,97.794367mm,Top,90.0,108.350002mm,97.794367mm
P8,113.050002mm,97.794367mm,Top,90.0,113.050002mm,97.794367mm
P9,13.000000mm,64.850000mm,Top,-90.0,13.000000mm,64.850000mm
Q7,69.850002mm,37.254367mm,Top,90.0,69.850002mm,37.254367mm
Q8,76.850002mm,37.254367mm,Top,90.0,76.850002mm,37.254367mm
Q9,83.850002mm,37.254367mm,Top,90.0,83.850002mm,37.254367mm
Q10,90.850002mm,37.254367mm,Top,90.0,90.850002mm,37.254367mm
Q11,97.850002mm,37.254367mm,Top,90.0,97.850002mm,37.254367mm
Q12,104.850002mm,37.254367mm,Top,90.0,104.850002mm,37.254367mm
R1,52.425002mm,49.526864mm,Top,-90.0,52.425002mm,49.526864mm
R4,127.780393mm,58.068976mm,Top,0.0,127.780393mm,58.068976mm
R9,114.390002mm,31.319367mm,Top,0.0,114.390002mm,31.319367mm
R10,59.900002mm,43.194367mm,Top,-90.0,59.900002mm,43.194367mm
R11,54.000002mm,44.794367mm,Top,0.0,54.000002mm,44.794367mm
R14,123.950002mm,38.194367mm,Top,0.0,123.950002mm,38.194367mm
R35,41.850002mm,109.344367mm,Top,90.0,41.850002mm,109.344367mm
R36,44.350002mm,109.344367mm,Top,90.0,44.350002mm,109.344367mm
R37,46.850002mm,109.344367mm,Top,90.0,46.850002mm,109.344367mm
R38,41.850002mm,112.794367mm,Top,90.0,41.850002mm,112.794367mm
R39,44.350002mm,112.794367mm,Top,90.0,44.350002mm,112.794367mm
R40,46.850002mm,112.794367mm,Top,90.0,46.850002mm,112.794367mm
U1,114.850002mm,23.594367mm,Top,90.0,114.850002mm,23.594367mm
U2,124.310002mm,30.219367mm,Top,90.0,124.310002mm,30.219367mm
U3,128.270000mm,127.600000mm,Top,90.0,128.270000mm,127.600000mm
U5,111.225002mm,107.244367mm,Top,-90.0,111.225002mm,107.244367mm
U7,55.485002mm,39.919367mm,Top,180.0,55.485002mm,39.919367mm
